Workbook

Sheet Main
E1: الراتب السابق | F1: الزيادة السنوية | G1: الراتب بعد الزيادة السنوية | N1: الراتب السابق | O1: الزيادة السنوية | P1: الراتب بعد الزيادة السنوية | W1: الراتب السابق | X1: الزيادة السنوية | Y1: الراتب بعد الزيادة السنوية | AF1: الراتب السابق | AG1: الزيادة السنوية | AH1: الراتب بعد الزيادة السنوية
E2: 1500 | F2: 0.15 | G2: =SUM(E2+(E2*F2)) -> 1725 | N2: 1500 | O2: 0.15 | P2: =SUM(N2+(N2*O2)) -> 1725 | W2: 1500 | X2: 0.15 | Y2: =SUM(W2+(W2*X2)) -> 1725 | AF2: 1500 | AG2: 0.15 | AH2: =SUM(AF2+(AF2*AG2)) -> 1725
D3: الراتب الحالي | E3: فئة اليوم | F3: ريد الأجازات | G3: ايام الاجازات | H3: المتبقي | M3: الراتب الحالي | N3: فئة اليوم | O3: ريد الأجازات | P3: ايام الاجازات | Q3: المتبقي | V3: الراتب الحالي | W3: فئة اليوم | X3: ريد الأجازات | Y3: ايام الاجازات | Z3: المتبقي | AE3: الراتب الحالي | AF3: فئة اليوم | AG3: ريد الأجازات | AH3: ايام الاجازات | AI3: المتبقي
D4: =SUM(G2) -> 1725 | E4: =SUM(D4/30) -> 57.5 | F4: 30 | G4: =SUM(C15:I15,C22:I22,C36:I36) -> 0 | H4: =SUM(F4-G4) -> 30 | M4: =SUM(P2) -> 1725 | N4: =SUM(M4/30) -> 57.5 | O4: 30 | P4: =SUM(L15:R15,L22:R22,L36:R36) -> 0 | Q4: =SUM(O4-P4) -> 30 | V4: =SUM(Y2) -> 1725 | W4: =SUM(V4/30) -> 57.5 | X4: 30 | Y4: =SUM(U15:AA15,U22:AA22,U36:AA36) -> 0 | Z4: =SUM(X4-Y4) -> 30 | AE4: =SUM(AH2) -> 1725 | AF4: =SUM(AE4/30) -> 57.5 | AG4: 30 | AH4: =SUM(AD15:AJ15,AD22:AJ22,AD36:AJ36) -> 0 | AI4: =SUM(AG4-AH4) -> 30
B7: يناير | K7: فبراير | T7: مارس | AC7: مارس
B9: الراتب | C9: الراتب + مكافأة | D9: أيام الإضافي | E9: حساب الإضافي | F9: إجمالي أيام العمل | G9: راتب أيام العمل | H9: السهرات | I9: الأساسي | K9: الراتب | L9: الراتب + مكافأة | M9: أيام الإضافي | N9: حساب الإضافي | O9: إجمالي أيام العمل | P9: راتب أيام العمل | Q9: السهرات | R9: الأساسي | T9: الراتب | U9: الراتب + مكافأة | V9: أيام الإضافي | W9: حساب الإضافي | X9: إجمالي أيام العمل | Y9: راتب أيام العمل | Z9: السهرات | AA9: الأساسي | AC9: الراتب | AD9: الراتب + مكافأة | AE9: أيام الإضافي | AF9: حساب الإضافي | AG9: إجمالي أيام العمل | AH9: راتب أيام العمل | AI9: السهرات | AJ9: الأساسي
B10: =SUM(G10:H10) -> 3967.5 | C10: =SUM(B10+I10) -> 5692.5 | D10: =SUM(C16:I16,C23:I23,C30:I30,C37:I37,C44:I44,C51:I51) -> 39 | E10: =SUM(D10*E4) -> 2242.5 | F10: =SUM(D10+30) -> 69 | G10: =SUM(I10+E10) -> 3967.5 | H10: =SUM(C17:I17,C24:I24,C31:I31,C38:I38,C45:I45,C52:I52)*20 -> 0 | I10: =SUM(G2) -> 1725 | K10: =SUM(P10:Q10) -> 3967.5 | L10: =SUM(K10+R10) -> 5692.5 | M10: =SUM(L16:R16,L23:R23,L30:R30,L37:R37,L44:R44,L51:R51) -> 39 | N10: =SUM(M10*N4) -> 2242.5 | O10: =SUM(M10+30) -> 69 | P10: =SUM(R10+N10) -> 3967.5 | Q10: =SUM(L17:R17,L24:R24,L31:R31,L38:R38,L45:R45,L52:R52)*20 -> 0 | R10: =SUM(P2) -> 1725 | T10: =SUM(Y10:Z10) -> 3795 | U10: =SUM(T10+AA10) -> 5520 | V10: =SUM(U16:AA16,U23:AA23,U30:AA30,U37:AA37,U44:AA44,U51:AA51) -> 36 | W10: =SUM(V10*W4) -> 2070 | X10: =SUM(V10+30) -> 66 | Y10: =SUM(AA10+W10) -> 3795 | Z10: =SUM(U17:AA17,U24:AA24,U31:AA31,U38:AA38,U45:AA45,U52:AA52)*20 -> 0 | AA10: =SUM(Y2) -> 1725 | AC10: =SUM(AH10:AI10) -> 4082.5 | AD10: =SUM(AC10+AJ10) -> 5807.5 | AE10: =SUM(AD16:AJ16,AD23:AJ23,AD30:AJ30,AD37:AJ37,AD44:AJ44,AD51:AJ51) -> 41 | AF10: =SUM(AE10*AF4) -> 2357.5 | AG10: =SUM(AE10+30) -> 71 | AH10: =SUM(AJ10+AF10) -> 4082.5 | AI10: =SUM(AD17:AJ17,AD24:AJ24,AD31:AJ31,AD38:AJ38,AD45:AJ45,AD52:AJ52)*20 -> 0 | AJ10: =SUM(AH2) -> 1725
C12: السبت | D12: الأحد | E12: الاثنين | F12: الثلاثاء | G12: الأربعاء | H12: الخميس | I12: الجمعة | L12: السبت | M12: الأحد | N12: الاثنين | O12: الثلاثاء | P12: الأربعاء | Q12: الخميس | R12: الجمعة | U12: السبت | V12: الأحد | W12: الاثنين | X12: الثلاثاء | Y12: الأربعاء | Z12: الخميس | AA12: الجمعة | AD12: السبت | AE12: الأحد | AF12: الاثنين | AG12: الثلاثاء | AH12: الأربعاء | AI12: الخميس | AJ12: الجمعة
C13: 46018 | D13: 46019 | E13: 46020 | F13: 46021 | G13: 46022 | H13: 46023 | I13: 46024 | O13: 46049 | P13: 46050 | Q13: 46051 | R13: 46052 | AA13: 46080 | AJ13: 46108
B14: سبب أجازة | K14: سبب أجازة | T14: سبب أجازة | AC14: سبب أجازة
B15: أجازات | K15: أجازات | T15: أجازات | AC15: أجازات
B16: إضافي | C16: 1 | D16: 1 | E16: 1 | F16: 1 | G16: 1 | H16: 1 | I16: 3 | K16: إضافي | O16: 1 | P16: 1 | Q16: 1 | R16: 3 | T16: إضافي | AA16: 3 | AC16: إضافي | AJ16: 3
B17: سهرات | K17: سهرات | T17: سهرات | AC17: سهرات
C19: السبت | D19: الأحد | E19: الاثنين | F19: الثلاثاء | G19: الأربعاء | H19: الخميس | I19: الجمعة | L19: السبت | M19: الأحد | N19: الاثنين | O19: الثلاثاء | P19: الأربعاء | Q19: الخميس | R19: الجمعة | U19: السبت | V19: الأحد | W19: الاثنين | X19: الثلاثاء | Y19: الأربعاء | Z19: الخميس | AA19: الجمعة | AD19: السبت | AE19: الأحد | AF19: الاثنين | AG19: الثلاثاء | AH19: الأربعاء | AI19: الخميس | AJ19: الجمعة
C20: 46025 | D20: 46026 | E20: 46027 | F20: 46028 | G20: 46029 | H20: 46030 | I20: 46031 | L20: 46053 | M20: 46054 | N20: 46055 | O20: 46056 | P20: 46057 | Q20: 46058 | R20: 46059 | U20: 46081 | V20: 46082 | W20: 46083 | X20: 46084 | Y20: 46085 | Z20: 46086 | AA20: 46087 | AD20: 46109 | AE20: 46110 | AF20: 46111 | AG20: 46112 | AH20: 46113 | AI20: 46114 | AJ20: 46115
B21: سبب أجازة | K21: سبب أجازة | T21: سبب أجازة | AC21: سبب أجازة
B22: أجازات | K22: أجازات | T22: أجازات | AC22: أجازات
B23: إضافي | C23: 1 | D23: 1 | E23: 1 | F23: 1 | G23: 1 | H23: 1 | I23: 3 | K23: إضافي | L23: 1 | M23: 1 | N23: 1 | O23: 1 | P23: 1 | Q23: 1 | R23: 3 | T23: إضافي | U23: 1 | V23: 1 | W23: 1 | X23: 1 | Y23: 1 | Z23: 1 | AA23: 3 | AC23: إضافي | AD23: 1 | AE23: 1 | AF23: 1 | AG23: 1 | AH23: 1 | AI23: 1 | AJ23: 3
B24: سهرات | K24: سهرات | T24: سهرات | AC24: سهرات
C26: السبت | D26: الأحد | E26: الاثنين | F26: الثلاثاء | G26: الأربعاء | H26: الخميس | I26: الجمعة | L26: السبت | M26: الأحد | N26: الاثنين | O26: الثلاثاء | P26: الأربعاء | Q26: الخميس | R26: الجمعة | U26: السبت | V26: الأحد | W26: الاثنين | X26: الثلاثاء | Y26: الأربعاء | Z26: الخميس | AA26: الجمعة | AD26: السبت | AE26: الأحد | AF26: الاثنين | AG26: الثلاثاء | AH26: الأربعاء | AI26: الخميس | AJ26: الجمعة
C27: 46032 | D27: 46033 | E27: 46034 | F27: 46035 | G27: 46036 | H27: 46037 | I27: 46038 | L27: 46060 | M27: 46061 | N27: 46062 | O27: 46063 | P27: 46064 | Q27: 46065 | R27: 46066 | U27: 46088 | V27: 46089 | W27: 46090 | X27: 46091 | Y27: 46092 | Z27: 46093 | AA27: 46094 | AD27: 46116 | AE27: 46117 | AF27: 46118 | AG27: 46119 | AH27: 46120 | AI27: 46121 | AJ27: 46122
B28: سبب أجازة | K28: سبب أجازة | T28: سبب أجازة | AC28: سبب أجازة
B29: أجازات | K29: أجازات | T29: أجازات | AC29: أجازات
B30: إضافي | C30: 1 | D30: 1 | E30: 1 | F30: 1 | G30: 1 | H30: 1 | I30: 3 | K30: إضافي | L30: 1 | M30: 1 | N30: 1 | O30: 1 | P30: 1 | Q30: 1 | R30: 3 | T30: إضافي | U30: 1 | V30: 1 | W30: 1 | X30: 1 | Y30: 1 | Z30: 1 | AA30: 3 | AC30: إضافي | AD30: 1 | AE30: 1 | AF30: 1 | AG30: 1 | AH30: 1 | AI30: 1 | AJ30: 3
B31: سهرات | K31: سهرات | T31: سهرات | AC31: سهرات
C33: السبت | D33: الأحد | E33: الاثنين | F33: الثلاثاء | G33: الأربعاء | H33: الخميس | I33: الجمعة | L33: السبت | M33: الأحد | N33: الاثنين | O33: الثلاثاء | P33: الأربعاء | Q33: الخميس | R33: الجمعة | U33: السبت | V33: الأحد | W33: الاثنين | X33: الثلاثاء | Y33: الأربعاء | Z33: الخميس | AA33: الجمعة | AD33: السبت | AE33: الأحد | AF33: الاثنين | AG33: الثلاثاء | AH33: الأربعاء | AI33: الخميس | AJ33: الجمعة
C34: 46039 | D34: 46040 | E34: 46041 | F34: 46042 | G34: 46043 | H34: 46044 | I34: 46045 | L34: 46067 | M34: 46068 | N34: 46069 | O34: 46070 | P34: 46071 | Q34: 46072 | R34: 46073 | U34: 46095 | V34: 46096 | W34: 46097 | X34: 46098 | Y34: 46099 | Z34: 46100 | AA34: 46101 | AD34: 46123 | AE34: 46124 | AF34: 46125 | AG34: 46126 | AH34: 46127 | AI34: 46128 | AJ34: 46129
B35: سبب أجازة | K35: سبب أجازة | T35: سبب أجازة | AC35: سبب أجازة
B36: أجازات | K36: أجازات | T36: أجازات | AC36: أجازات
B37: إضافي | C37: 1 | D37: 1 | E37: 1 | F37: 1 | G37: 1 | H37: 1 | I37: 3 | K37: إضافي | L37: 1 | M37: 1 | N37: 1 | O37: 1 | P37: 1 | Q37: 1 | R37: 3 | T37: إضافي | U37: 1 | V37: 1 | W37: 1 | X37: 1 | Y37: 1 | Z37: 1 | AA37: 3 | AC37: إضافي | AD37: 1 | AE37: 1 | AF37: 1 | AG37: 1 | AH37: 1 | AI37: 1 | AJ37: 3
B38: سهرات | K38: سهرات | T38: سهرات | AC38: سهرات
C40: السبت | D40: الأحد | E40: الاثنين | F40: الثلاثاء | G40: الأربعاء | H40: الخميس | I40: الجمعة | L40: السبت | M40: الأحد | N40: الاثنين | O40: الثلاثاء | P40: الأربعاء | Q40: الخميس | R40: الجمعة | U40: السبت | V40: الأحد | W40: الاثنين | X40: الثلاثاء | Y40: الأربعاء | Z40: الخميس | AA40: الجمعة | AD40: السبت | AE40: الأحد | AF40: الاثنين | AG40: الثلاثاء | AH40: الأربعاء | AI40: الخميس | AJ40: الجمعة
C41: 46046 | D41: 46047 | E41: 46048 | L41: 46074 | M41: 46075 | N41: 46076 | O41: 46077 | P41: 46078 | Q41: 46079 | U41: 46102 | V41: 46103 | W41: 46104 | X41: 46105 | Y41: 46106 | Z41: 46107 | AD41: 46130 | AE41: 46131 | AF41: 46132 | AG41: 46133 | AH41: 46134 | AI41: 46135 | AJ41: 46136
B42: سبب أجازة | K42: سبب أجازة | T42: سبب أجازة | AC42: سبب أجازة
B43: أجازات | K43: أجازات | T43: أجازات | AC43: أجازات
B44: إضافي | C44: 1 | D44: 1 | E44: 1 | K44: إضافي | L44: 1 | M44: 1 | N44: 1 | O44: 1 | P44: 1 | Q44: 1 | T44: إضافي | U44: 1 | V44: 1 | W44: 1 | X44: 1 | Y44: 1 | Z44: 1 | AC44: إضافي | AD44: 1 | AE44: 1 | AF44: 1 | AG44: 1 | AH44: 1 | AI44: 1 | AJ44: 3
B45: سهرات | K45: سهرات | T45: سهرات | AC45: سهرات
C47: السبت | D47: الأحد | E47: الاثنين | F47: الثلاثاء | G47: الأربعاء | H47: الخميس | I47: الجمعة | L47: السبت | M47: الأحد | N47: الاثنين | O47: الثلاثاء | P47: الأربعاء | Q47: الخميس | R47: الجمعة | U47: السبت | V47: الأحد | W47: الاثنين | X47: الثلاثاء | Y47: الأربعاء | Z47: الخميس | AA47: الجمعة | AD47: السبت | AE47: الأحد | AF47: الاثنين | AG47: الثلاثاء | AH47: الأربعاء | AI47: الخميس | AJ47: الجمعة
L48: 46074 | M48: 46075 | N48: 46076 | O48: 46077 | P48: 46078 | Q48: 46079 | U48: 46102 | V48: 46103 | W48: 46104 | X48: 46105 | Y48: 46106 | Z48: 46107 | AD48: 46137 | AE48: 46138
B49: سبب أجازة | K49: سبب أجازة | T49: سبب أجازة | AC49: سبب أجازة
B50: أجازات | K50: أجازات | T50: أجازات | AC50: أجازات
B51: إضافي | K51: إضافي | T51: إضافي | AC51: إضافي | AD51: 1 | AE51: 1
B52: سهرات | K52: سهرات | T52: سهرات | AC52: سهرات
E58: الراتب السابق | F58: الزيادة السنوية | G58: الراتب بعد الزيادة السنوية | N58: الراتب السابق | O58: الزيادة السنوية | P58: الراتب بعد الزيادة السنوية | W58: الراتب السابق | X58: الزيادة السنوية | Y58: الراتب بعد الزيادة السنوية | AF58: الراتب السابق | AG58: الزيادة السنوية | AH58: الراتب بعد الزيادة السنوية
E59: 1500 | F59: 0.15 | G59: =SUM(E59+(E59*F59)) -> 1725 | N59: 1500 | O59: 0.15 | P59: =SUM(N59+(N59*O59)) -> 1725 | W59: 1500 | X59: 0.15 | Y59: =SUM(W59+(W59*X59)) -> 1725 | AF59: 1500 | AG59: 0.15 | AH59: =SUM(AF59+(AF59*AG59)) -> 1725
D60: الراتب الحالي | E60: فئة اليوم | F60: ريد الأجازات | G60: ايام الاجازات | H60: المتبقي | M60: الراتب الحالي | N60: فئة اليوم | O60: ريد الأجازات | P60: ايام الاجازات | Q60: المتبقي | V60: الراتب الحالي | W60: فئة اليوم | X60: ريد الأجازات | Y60: ايام الاجازات | Z60: المتبقي | AE60: الراتب الحالي | AF60: فئة اليوم | AG60: ريد الأجازات | AH60: ايام الاجازات | AI60: المتبقي
D61: =SUM(G59) -> 1725 | E61: =SUM(D61/30) -> 57.5 | F61: 30 | G61: =SUM(C72:I72,C80:I80,C96:I96) -> 0 | H61: =SUM(F61-G61) -> 30 | M61: =SUM(P59) -> 1725 | N61: =SUM(M61/30) -> 57.5 | O61: 30 | P61: =SUM(L72:R72,L80:R80,L96:R96) -> 0 | Q61: =SUM(O61-P61) -> 30 | V61: =SUM(Y59) -> 1725 | W61: =SUM(V61/30) -> 57.5 | X61: 30 | Y61: =SUM(U72:AA72,U80:AA80,U96:AA96) -> 0 | Z61: =SUM(X61-Y61) -> 30 | AE61: =SUM(AH59) -> 1725 | AF61: =SUM(AE61/30) -> 57.5 | AG61: 30 | AH61: =SUM(AD72:AJ72,AD80:AJ80,AD96:AJ96) -> 0 | AI61: =SUM(AG61-AH61) -> 30
B64: يناير | K64: فبراير | T64: مارس | AC64: مارس
B66: الراتب | C66: الراتب + مكافأة | D66: أيام الإضافي | E66: حساب الإضافي | F66: إجمالي أيام العمل | G66: راتب أيام العمل | H66: السهرات | I66: الأساسي | K66: الراتب | L66: الراتب + مكافأة | M66: أيام الإضافي | N66: حساب الإضافي | O66: إجمالي أيام العمل | P66: راتب أيام العمل | Q66: السهرات | R66: الأساسي | T66: الراتب | U66: الراتب + مكافأة | V66: أيام الإضافي | W66: حساب الإضافي | X66: إجمالي أيام العمل | Y66: راتب أيام العمل | Z66: السهرات | AA66: الأساسي | AC66: الراتب | AD66: الراتب + مكافأة | AE66: أيام الإضافي | AF66: حساب الإضافي | AG66: إجمالي أيام العمل | AH66: راتب أيام العمل | AI66: السهرات | AJ66: الأساسي
B67: =SUM(G67:H67) -> 3910 | C67: =SUM(B67+I67) -> 5635 | D67: =SUM(C74:I74,C82:I82,C90:I90,C98:I98,C106:I106,C114:I114) -> 38 | E67: =SUM(D67*E61) -> 2185 | F67: =SUM(D67+30) -> 68 | G67: =SUM(I67+E67) -> 3910 | H67: =SUM(C75:I75,C83:I83,C91:I91,C99:I99,C107:I107,C115:I115)*20 -> 0 | I67: =SUM(G59) -> 1725 | K67: =SUM(P67:Q67) -> 4082.5 | L67: =SUM(K67+R67) -> 5807.5 | M67: =SUM(L74:R74,L82:R82,L90:R90,L98:R98,L106:R106,L114:R114) -> 41 | N67: =SUM(M67*N61) -> 2357.5 | O67: =SUM(M67+30) -> 71 | P67: =SUM(R67+N67) -> 4082.5 | Q67: =SUM(L75:R75,L83:R83,L91:R91,L99:R99,L107:R107,L115:R115)*20 -> 0 | R67: =SUM(P59) -> 1725 | T67: =SUM(Y67:Z67) -> 3910 | U67: =SUM(T67+AA67) -> 5635 | V67: =SUM(U74:AA74,U82:AA82,U90:AA90,U98:AA98,U106:AA106,U114:AA114) -> 38 | W67: =SUM(V67*W61) -> 2185 | X67: =SUM(V67+30) -> 68 | Y67: =SUM(AA67+W67) -> 3910 | Z67: =SUM(U75:AA75,U83:AA83,U91:AA91,U99:AA99,U107:AA107,U115:AA115)*20 -> 0 | AA67: =SUM(Y59) -> 1725 | AC67: =SUM(AH67:AI67) -> 4082.5 | AD67: =SUM(AC67+AJ67) -> 5807.5 | AE67: =SUM(AD74:AJ74,AD82:AJ82,AD90:AJ90,AD98:AJ98,AD106:AJ106,AD114:AJ114) -> 41 | AF67: =SUM(AE67*AF61) -> 2357.5 | AG67: =SUM(AE67+30) -> 71 | AH67: =SUM(AJ67+AF67) -> 4082.5 | AI67: =SUM(AD75:AJ75,AD83:AJ83,AD91:AJ91,AD99:AJ99,AD107:AJ107,AD115:AJ115)*20 -> 0 | AJ67: =SUM(AH59) -> 1725
C69: السبت | D69: الأحد | E69: الاثنين | F69: الثلاثاء | G69: الأربعاء | H69: الخميس | I69: الجمعة | L69: السبت | M69: الأحد | N69: الاثنين | O69: الثلاثاء | P69: الأربعاء | Q69: الخميس | R69: الجمعة | U69: السبت | V69: الأحد | W69: الاثنين | X69: الثلاثاء | Y69: الأربعاء | Z69: الخميس | AA69: الجمعة | AD69: السبت | AE69: الأحد | AF69: الاثنين | AG69: الثلاثاء | AH69: الأربعاء | AI69: الخميس | AJ69: الجمعة
E70: 46139 | F70: 46140 | G70: 46141 | H70: 46142 | I70: 46143 | P70: 46169 | Q70: 46170 | R70: 46171 | U70: 46200 | V70: 46201 | W70: 46202 | X70: 46203 | Y70: 46204 | Z70: 46205 | AA70: 46206 | AF70: 46230 | AG70: 46231 | AH70: 46232 | AI70: 46233 | AJ70: 46234
B71: سبب أجازة | K71: سبب أجازة | T71: سبب أجازة | AC71: سبب أجازة
B72: أجازات | K72: أجازات | T72: أجازات | AC72: أجازات
B73: أساسي | E73: 1 | F73: 1 | G73: 1 | H73: 1 | I73: 1 | K73: أساسي | P73: 1 | Q73: 1 | R73: 1 | T73: أساسي | U73: 1 | V73: 1 | W73: 1 | X73: 1 | Y73: 1 | Z73: 1 | AA73: 1 | AC73: أساسي | AF73: 1 | AG73: 1 | AH73: 1 | AI73: 1 | AJ73: 0
B74: إضافي | E74: 1 | F74: 1 | G74: 1 | H74: 1 | I74: 3 | K74: إضافي | P74: 1 | Q74: 1 | R74: 3 | T74: إضافي | U74: 1 | V74: 1 | W74: 1 | X74: 1 | Y74: 1 | Z74: 1 | AA74: 3 | AC74: إضافي | AF74: 1 | AG74: 1 | AH74: 1 | AI74: 1 | AJ74: 3
B75: سهرات | K75: سهرات | T75: سهرات | AC75: سهرات
C77: السبت | D77: الأحد | E77: الاثنين | F77: الثلاثاء | G77: الأربعاء | H77: الخميس | I77: الجمعة | L77: السبت | M77: الأحد | N77: الاثنين | O77: الثلاثاء | P77: الأربعاء | Q77: الخميس | R77: الجمعة | U77: السبت | V77: الأحد | W77: الاثنين | X77: الثلاثاء | Y77: الأربعاء | Z77: الخميس | AA77: الجمعة | AD77: السبت | AE77: الأحد | AF77: الاثنين | AG77: الثلاثاء | AH77: الأربعاء | AI77: الخميس | AJ77: الجمعة
C78: 46144 | D78: 46145 | E78: 46146 | F78: 46147 | G78: 46148 | H78: 46149 | I78: 46150 | L78: 46172 | M78: 46173 | N78: 46174 | O78: 46175 | P78: 46176 | Q78: 46177 | R78: 46178 | U78: 46207 | V78: 46208 | W78: 46209 | X78: 46210 | Y78: 46211 | Z78: 46212 | AA78: 46213 | AD78: 46235 | AE78: 46236 | AF78: 46237 | AG78: 46238 | AH78: 46239 | AI78: 46240 | AJ78: 46241
B79: سبب أجازة | K79: سبب أجازة | T79: سبب أجازة | AC79: سبب أجازة
B80: أجازات | K80: أجازات | T80: أجازات | AC80: أجازات
B81: أساسي | C81: 1 | D81: 1 | E81: 1 | F81: 1 | G81: 1 | H81: 1 | I81: 1 | K81: أساسي | L81: 1 | M81: 0 | N81: 1 | O81: 1 | P81: 1 | Q81: 1 | R81: 1 | T81: أساسي | U81: 1 | V81: 1 | W81: 1 | X81: 1 | Y81: 1 | Z81: 1 | AA81: 1 | AC81: أساسي | AD81: 1 | AE81: 1 | AF81: 1 | AG81: 1 | AH81: 1 | AI81: 1 | AJ81: 1
B82: إضافي | C82: 1 | D82: 1 | E82: 1 | F82: 1 | G82: 1 | H82: 1 | I82: 3 | K82: إضافي | L82: 1 | M82: 1 | N82: 1 | O82: 1 | P82: 1 | Q82: 1 | R82: 3 | T82: إضافي | U82: 1 | V82: 1 | W82: 1 | X82: 1 | Y82: 1 | Z82: 1 | AA82: 3 | AC82: إضافي | AD82: 1 | AE82: 1 | AF82: 1 | AG82: 1 | AH82: 1 | AI82: 1 | AJ82: 3
B83: سهرات | K83: سهرات | T83: سهرات | AC83: سهرات
C85: السبت | D85: الأحد | E85: الاثنين | F85: الثلاثاء | G85: الأربعاء | H85: الخميس | I85: الجمعة | L85: السبت | M85: الأحد | N85: الاثنين | O85: الثلاثاء | P85: الأربعاء | Q85: الخميس | R85: الجمعة | U85: السبت | V85: الأحد | W85: الاثنين | X85: الثلاثاء | Y85: الأربعاء | Z85: الخميس | AA85: الجمعة | AD85: السبت | AE85: الأحد | AF85: الاثنين | AG85: الثلاثاء | AH85: الأربعاء | AI85: الخميس | AJ85: الجمعة
C86: 46151 | D86: 46152 | E86: 46153 | F86: 46154 | G86: 46155 | H86: 46156 | I86: 46157 | L86: 46179 | M86: 46180 | N86: 46181 | O86: 46182 | P86: 46183 | Q86: 46184 | R86: 46185 | U86: 46214 | V86: 46215 | W86: 46216 | X86: 46217 | Y86: 46218 | Z86: 46219 | AA86: 46220 | AD86: 46242 | AE86: 46243 | AF86: 46244 | AG86: 46245 | AH86: 46246 | AI86: 46247 | AJ86: 46248
B87: سبب أجازة | K87: سبب أجازة | T87: سبب أجازة | AC87: سبب أجازة
B88: أجازات | K88: أجازات | T88: أجازات | AC88: أجازات
B89: أساسي | C89: 1 | D89: 1 | E89: 1 | F89: 1 | G89: 1 | H89: 1 | I89: 1 | K89: أساسي | L89: 1 | M89: 1 | N89: 1 | O89: 1 | P89: 1 | Q89: 1 | R89: 1 | T89: أساسي | U89: 1 | V89: 1 | W89: 1 | X89: 1 | Y89: 1 | Z89: 1 | AA89: 1 | AC89: أساسي | AD89: 1 | AE89: 1 | AF89: 1 | AG89: 1 | AH89: 1 | AI89: 1 | AJ89: 1
B90: إضافي | C90: 1 | D90: 1 | E90: 1 | F90: 1 | G90: 1 | H90: 1 | I90: 3 | K90: إضافي | L90: 1 | M90: 1 | N90: 1 | O90: 1 | P90: 1 | Q90: 1 | R90: 3 | T90: إضافي | U90: 1 | V90: 1 | W90: 1 | X90: 1 | Y90: 1 | Z90: 1 | AA90: 3 | AC90: إضافي | AD90: 1 | AE90: 1 | AF90: 1 | AG90: 1 | AH90: 1 | AI90: 1 | AJ90: 3
B91: سهرات | K91: سهرات | T91: سهرات | AC91: سهرات
C93: السبت | D93: الأحد | E93: الاثنين | F93: الثلاثاء | G93: الأربعاء | H93: الخميس | I93: الجمعة | L93: السبت | M93: الأحد | N93: الاثنين | O93: الثلاثاء | P93: الأربعاء | Q93: الخميس | R93: الجمعة | U93: السبت | V93: الأحد | W93: الاثنين | X93: الثلاثاء | Y93: الأربعاء | Z93: الخميس | AA93: الجمعة | AD93: السبت | AE93: الأحد | AF93: الاثنين | AG93: الثلاثاء | AH93: الأربعاء | AI93: الخميس | AJ93: الجمعة
C94: 46158 | D94: 46159 | E94: 46160 | F94: 46161 | G94: 46162 | H94: 46163 | I94: 46164 | L94: 46186 | M94: 46187 | N94: 46188 | O94: 46189 | P94: 46190 | Q94: 46191 | R94: 46192 | U94: 46221 | V94: 46222 | W94: 46223 | X94: 46224 | Y94: 46225 | Z94: 46226 | AA94: 46227 | AD94: 46249 | AE94: 46250 | AF94: 46251 | AG94: 46252 | AH94: 46253 | AI94: 46254 | AJ94: 46255
B95: سبب أجازة | K95: سبب أجازة | T95: سبب أجازة | AC95: سبب أجازة
B96: أجازات | K96: أجازات | T96: أجازات | AC96: أجازات
B97: أساسي | C97: 1 | D97: 1 | E97: 1 | F97: 1 | G97: 1 | H97: 1 | I97: 1 | K97: أساسي | L97: 1 | M97: 1 | N97: 1 | O97: 1 | P97: 1 | Q97: 1 | R97: 1 | T97: أساسي | U97: 1 | V97: 1 | W97: 1 | X97: 1 | Y97: 1 | Z97: 1 | AA97: 1 | AC97: أساسي | AD97: 1 | AE97: 1 | AF97: 1 | AG97: 1 | AH97: 1 | AI97: 1 | AJ97: 1
B98: إضافي | C98: 1 | D98: 1 | E98: 1 | F98: 1 | G98: 1 | H98: 1 | I98: 3 | K98: إضافي | L98: 1 | M98: 1 | N98: 1 | O98: 1 | P98: 1 | Q98: 1 | R98: 3 | T98: إضافي | U98: 1 | V98: 1 | W98: 1 | X98: 1 | Y98: 1 | Z98: 1 | AA98: 3 | AC98: إضافي | AD98: 1 | AE98: 1 | AF98: 1 | AG98: 1 | AH98: 1 | AI98: 1 | AJ98: 3
B99: سهرات | K99: سهرات | T99: سهرات | AC99: سهرات
C101: السبت | D101: الأحد | E101: الاثنين | F101: الثلاثاء | G101: الأربعاء | H101: الخميس | I101: الجمعة | L101: السبت | M101: الأحد | N101: الاثنين | O101: الثلاثاء | P101: الأربعاء | Q101: الخميس | R101: الجمعة | U101: السبت | V101: الأحد | W101: الاثنين | X101: الثلاثاء | Y101: الأربعاء | Z101: الخميس | AA101: الجمعة | AD101: السبت | AE101: الأحد | AF101: الاثنين | AG101: الثلاثاء | AH101: الأربعاء | AI101: الخميس | AJ101: الجمعة
C102: 46165 | D102: 46166 | E102: 46167 | F102: 46168 | L102: 46193 | M102: 46194 | N102: 46195 | O102: 46196 | P102: 46197 | Q102: 46198 | R102: 46199 | U102: 46228 | V102: 46229 | AD102: 46256 | AE102: 46257 | AF102: 46258 | AG102: 46259 | AH102: 46260
B103: سبب أجازة | K103: سبب أجازة | T103: سبب أجازة | AC103: سبب أجازة
B104: أجازات | K104: أجازات | T104: أجازات | AC104: أجازات
B105: أساسي | C105: 1 | D105: 1 | E105: 1 | F105: 1 | K105: أساسي | L105: 1 | M105: 1 | N105: 1 | O105: 1 | P105: 1 | Q105: 1 | R105: 1 | T105: أساسي | U105: 1 | V105: 1 | AC105: أساسي | AD105: 1 | AE105: 1 | AF105: 1 | AG105: 1 | AH105: 1
B106: إضافي | C106: 1 | D106: 1 | E106: 1 | F106: 1 | K106: إضافي | L106: 1 | M106: 1 | N106: 1 | O106: 1 | P106: 1 | Q106: 1 | R106: 3 | T106: إضافي | U106: 1 | V106: 1 | AC106: إضافي | AD106: 1 | AE106: 1 | AF106: 1 | AG106: 1 | AH106: 1
B107: سهرات | K107: سهرات | T107: سهرات | AC107: سهرات
C109: السبت | D109: الأحد | E109: الاثنين | F109: الثلاثاء | G109: الأربعاء | H109: الخميس | I109: الجمعة | L109: السبت | M109: الأحد | N109: الاثنين | O109: الثلاثاء | P109: الأربعاء | Q109: الخميس | R109: الجمعة | U109: السبت | V109: الأحد | W109: الاثنين | X109: الثلاثاء | Y109: الأربعاء | Z109: الخميس | AA109: الجمعة | AD109: السبت | AE109: الأحد | AF109: الاثنين | AG109: الثلاثاء | AH109: الأربعاء | AI109: الخميس | AJ109: الجمعة
L110: 46074 | M110: 46075 | N110: 46076 | O110: 46077 | P110: 46078 | Q110: 46079 | U110: 46102 | V110: 46103 | W110: 46104 | X110: 46105 | Y110: 46106 | Z110: 46107 | AD110: 46137 | AE110: 46138
B111: سبب أجازة | K111: سبب أجازة | T111: سبب أجازة | AC111: سبب أجازة
B112: أجازات | K112: أجازات | T112: أجازات | AC112: أجازات
B113: أساسي | K113: أساسي | T113: أساسي | AC113: أساسي | AD113: 1 | AE113: 1
B114: إضافي | K114: إضافي | T114: إضافي | AC114: إضافي | AD114: 1 | AE114: 1
B115: سهرات | K115: سهرات | T115: سهرات | AC115: سهرات
E121: الراتب السابق | F121: الزيادة السنوية | G121: الراتب بعد الزيادة السنوية | N121: الراتب السابق | O121: الزيادة السنوية | P121: الراتب بعد الزيادة السنوية | W121: الراتب السابق | X121: الزيادة السنوية | Y121: الراتب بعد الزيادة السنوية | AF121: الراتب السابق | AG121: الزيادة السنوية | AH121: الراتب بعد الزيادة السنوية
E122: 1500 | F122: 0.15 | G122: =SUM(E122+(E122*F122)) -> 1725 | N122: 1500 | O122: 0.15 | P122: =SUM(N122+(N122*O122)) -> 1725 | W122: 1500 | X122: 0.15 | Y122: =SUM(W122+(W122*X122)) -> 1725 | AF122: 1500 | AG122: 0.15 | AH122: =SUM(AF122+(AF122*AG122)) -> 1725
D123: الراتب الحالي | E123: فئة اليوم | F123: ريد الأجازات | G123: ايام الاجازات | H123: المتبقي | M123: الراتب الحالي | N123: فئة اليوم | O123: ريد الأجازات | P123: ايام الاجازات | Q123: المتبقي | V123: الراتب الحالي | W123: فئة اليوم | X123: ريد الأجازات | Y123: ايام الاجازات | Z123: المتبقي | AE123: الراتب الحالي | AF123: فئة اليوم | AG123: ريد الأجازات | AH123: ايام الاجازات | AI123: المتبقي
D124: =SUM(G122) -> 1725 | E124: =SUM(D124/30) -> 57.5 | F124: 30 | G124: =SUM(C135:I135,C143:I143,C159:I159) -> 0 | H124: =SUM(F124-G124) -> 30 | M124: =SUM(P122) -> 1725 | N124: =SUM(M124/30) -> 57.5 | O124: 30 | P124: =SUM(L135:R135,L143:R143,L159:R159) -> 0 | Q124: =SUM(O124-P124) -> 30 | V124: =SUM(Y122) -> 1725 | W124: =SUM(V124/30) -> 57.5 | X124: 30 | Y124: =SUM(U135:AA135,U143:AA143,U159:AA159) -> 0 | Z124: =SUM(X124-Y124) -> 30 | AE124: =SUM(AH122) -> 1725 | AF124: =SUM(AE124/30) -> 57.5 | AG124: 30 | AH124: =SUM(AD135:AJ135,AD143:AJ143,AD159:AJ159) -> 0 | AI124: =SUM(AG124-AH124) -> 30
B127: يناير | K127: فبراير | T127: مارس | AC127: مارس
B129: الراتب | C129: الراتب + مكافأة | D129: أيام الإضافي | E129: حساب الإضافي | F129: إجمالي أيام العمل | G129: راتب أيام العمل | H129: السهرات | I129: الأساسي | K129: الراتب | L129: الراتب + مكافأة | M129: أيام الإضافي | N129: حساب الإضافي | O129: إجمالي أيام العمل | P129: راتب أيام العمل | Q129: السهرات | R129: الأساسي | T129: الراتب | U129: الراتب + مكافأة | V129: أيام الإضافي | W129: حساب الإضافي | X129: إجمالي أيام العمل | Y129: راتب أيام العمل | Z129: السهرات | AA129: الأساسي | AC129: الراتب | AD129: الراتب + مكافأة | AE129: أيام الإضافي | AF129: حساب الإضافي | AG129: إجمالي أيام العمل | AH129: راتب أيام العمل | AI129: السهرات | AJ129: الأساسي
B130: =SUM(G130:H130) -> 4082.5 | C130: =SUM(B130+I130) -> 5807.5 | D130: =SUM(C137:I137,C145:I145,C153:I153,C161:I161,C169:I169,C177:I177) -> 41 | E130: =SUM(D130*E124) -> 2357.5 | F130: =SUM(D130+30) -> 71 | G130: =SUM(I130+E130) -> 4082.5 | H130: =SUM(C138:I138,C146:I146,C154:I154,C162:I162,C170:I170,C178:I178)*20 -> 0 | I130: =SUM(G122) -> 1725 | K130: =SUM(P130:Q130) -> 3910 | L130: =SUM(K130+R130) -> 5635 | M130: =SUM(L137:R137,L145:R145,L153:R153,L161:R161,L169:R169,L177:R177) -> 38 | N130: =SUM(M130*N124) -> 2185 | O130: =SUM(M130+30) -> 68 | P130: =SUM(R130+N130) -> 3910 | Q130: =SUM(L138:R138,L146:R146,L154:R154,L162:R162,L170:R170,L178:R178)*20 -> 0 | R130: =SUM(P122) -> 1725 | T130: =SUM(Y130:Z130) -> 3967.5 | U130: =SUM(T130+AA130) -> 5692.5 | V130: =SUM(U137:AA137,U145:AA145,U153:AA153,U161:AA161,U169:AA169,U177:AA177) -> 39 | W130: =SUM(V130*W124) -> 2242.5 | X130: =SUM(V130+30) -> 69 | Y130: =SUM(AA130+W130) -> 3967.5 | Z130: =SUM(U138:AA138,U146:AA146,U154:AA154,U162:AA162,U170:AA170,U178:AA178)*20 -> 0 | AA130: =SUM(Y122) -> 1725 | AC130: =SUM(AH130:AI130) -> 4025 | AD130: =SUM(AC130+AJ130) -> 5750 | AE130: =SUM(AD137:AJ137,AD145:AJ145,AD153:AJ153,AD161:AJ161,AD169:AJ169,AD177:AJ177) -> 40 | AF130: =SUM(AE130*AF124) -> 2300 | AG130: =SUM(AE130+30) -> 70 | AH130: =SUM(AJ130+AF130) -> 4025 | AI130: =SUM(AD138:AJ138,AD146:AJ146,AD154:AJ154,AD162:AJ162,AD170:AJ170,AD178:AJ178)*20 -> 0 | AJ130: =SUM(AH122) -> 1725
C132: السبت | D132: الأحد | E132: الاثنين | F132: الثلاثاء | G132: الأربعاء | H132: الخميس | I132: الجمعة | L132: السبت | M132: الأحد | N132: الاثنين | O132: الثلاثاء | P132: الأربعاء | Q132: الخميس | R132: الجمعة | U132: السبت | V132: الأحد | W132: الاثنين | X132: الثلاثاء | Y132: الأربعاء | Z132: الخميس | AA132: الجمعة | AD132: السبت | AE132: الأحد | AF132: الاثنين | AG132: الثلاثاء | AH132: الأربعاء | AI132: الخميس | AJ132: الجمعة
...

Sheet 1
J2: شهر يناير 2026
M9: أيام الحضور | P9: أساسي قديم | S9: أساسي حالي | V9: فئة اليوم
M12: =SUM(AI39:AI40) -> 71 | P12: 2576.61 | S12: =SUM(P12*1) -> 2576.61 | V12: =SUM(S12/30) -> 85.887
J15: الاجازات | Y15: باقي الاجازات
P16: الراتب | S16: الراتب + مكافأة
J18: =SUM(AI37+'2'!AI36+'3'!AI36+'4'!AI36+'5'!AI36+'6'!AI36+'7'!AI36+'8'!AI36+'9'!AI36+'10'!AI36+'11'!AI36+'12'!AI36) -> 0 | Y18: =SUM(30-J18) -> 30
P19: =(M12*V12)+AI41 -> 6097.977 | S19: =SUM(P19+S12) -> 8674.587
P23: سلفيات
P26: 1000
P30: الراتب | S30: الراتب + مكافأة
P33: =SUM(P19-P26) -> 5097.977 | S33: =SUM(S19-P26) -> 7674.587
AI37: =SUM(C37:AG37) -> 0 | AJ37: الأجازات
B38: Day | C38: 27 | D38: 28 | E38: 29 | F38: 30 | G38: 31 | H38: 1 | I38: 2 | J38: 3 | K38: 4 | L38: 5 | M38: 6 | N38: 7 | O38: 8 | P38: 9 | Q38: 10 | R38: 11 | S38: 12 | T38: 13 | U38: 14 | V38: 15 | W38: 16 | X38: 17 | Y38: 18 | Z38: 19 | AA38: 20 | AB38: 21 | AC38: 22 | AD38: 23 | AE38: 24 | AF38: 25 | AG38: 26
B39: Presence-Till-2 | C39: 1 | D39: 1 | E39: 1 | F39: 1 | G39: 0 | H39: 1 | I39: 1 | J39: 1 | K39: 1 | L39: 1 | M39: 1 | N39: 1 | O39: 1 | P39: 1 | Q39: 1 | R39: 1 | S39: 1 | T39: 1 | U39: 1 | V39: 1 | W39: 1 | X39: 1 | Y39: 1 | Z39: 1 | AA39: 1 | AB39: 1 | AC39: 1 | AD39: 1 | AE39: 1 | AF39: 1 | AG39: 1 | AI39: =SUM(C39:AG39) -> 30 | AJ39: الأساسي
B40: Presence-From-2:6 | C40: 1 | D40: 1 | E40: 1 | F40: 1 | G40: 1 | H40: 1 | I40: 3 | J40: 1 | K40: 1 | L40: 1 | M40: 1 | N40: 1 | O40: 2 | P40: 3 | Q40: 1 | R40: 1 | S40: 1 | T40: 1 | U40: 1 | V40: 1 | W40: 3 | X40: 1 | Y40: 1 | Z40: 1 | AA40: 1 | AB40: 1 | AC40: 1 | AD40: 3 | AE40: 2 | AF40: 1 | AG40: 1 | AI40: =SUM(C40:AG40) -> 41 | AJ40: الأضافي
AI41: =SUM(C41:AG41) -> 0 | AJ41: السهرات

Sheet 2
J2: شهر فبراير 2026
M8: أيام الحضور | P8: أساسي | V8: فئة اليوم
M11: =SUM(AI38:AI39) -> 69 | P11: =SUM('1'!S12:U14) -> 2576.61 | V11: =SUM(P11/30) -> 85.887
J14: الاجازات | Y14: باقي الاجازات
P15: الراتب | S15: الراتب + مكافأة
J17: =SUM('1'!AI37+'2'!AI36+'3'!AI36+'4'!AI36+'5'!AI36+'6'!AI36+'7'!AI36+'8'!AI36+'9'!AI36+'10'!AI36+'11'!AI36+'12'!AI36) -> 0 | Y17: =SUM(30-J17) -> 30
P18: =(M11*V11)+AI40 -> 5926.203 | S18: =SUM(P18+P11) -> 8502.813
P22: سلفيات
P25: 1000
P29: الراتب | S29: الراتب + مكافأة
P32: =SUM(P18-P25) -> 4926.203 | S32: =SUM(S18-P25) -> 7502.813
AI36: =SUM(C36:AG36) -> 0 | AJ36: الأجازات
B37: Day | C37: 27 | D37: 28 | E37: 29 | F37: 30 | G37: 31 | H37: 1 | I37: 2 | J37: 3 | K37: 4 | L37: 5 | M37: 6 | N37: 7 | O37: 8 | P37: 9 | Q37: 10 | R37: 11 | S37: 12 | T37: 13 | U37: 14 | V37: 15 | W37: 16 | X37: 17 | Y37: 18 | Z37: 19 | AA37: 20 | AB37: 21 | AC37: 22 | AD37: 23 | AE37: 24 | AF37: 25 | AG37: 26
B38: Presence-Till-2 | C38: 1 | D38: 1 | E38: 1 | F38: 1 | G38: 0 | H38: 1 | I38: 1 | J38: 1 | K38: 1 | L38: 1 | M38: 1 | N38: 1 | O38: 1 | P38: 1 | Q38: 1 | R38: 1 | S38: 1 | T38: 1 | U38: 1 | V38: 1 | W38: 1 | X38: 1 | Y38: 1 | Z38: 1 | AA38: 1 | AB38: 1 | AC38: 1 | AD38: 1 | AE38: 1 | AF38: 1 | AG38: 1 | AI38: =SUM(C38:AG38) -> 30 | AJ38: الأساسي
B39: Presence-From-2:6 | C39: 1 | D39: 1 | E39: 1 | F39: 3 | G39: 1 | H39: 1 | I39: 1 | J39: 1 | K39: 1 | L39: 1 | M39: 3 | N39: 1 | O39: 1 | P39: 1 | Q39: 1 | R39: 1 | S39: 1 | T39: 3 | U39: 1 | V39: 1 | W39: 1 | X39: 1 | Y39: 1 | Z39: 1 | AA39: 3 | AB39: 1 | AC39: 1 | AD39: 1 | AE39: 1 | AF39: 1 | AG39: 1 | AI39: =SUM(C39:AG39) -> 39 | AJ39: الأضافي
AI40: =SUM(C40:AG40) -> 0 | AJ40: السهرات

Sheet 3
J2: شهر مارس 2026
M8: أيام الحضور | P8: أساسي | V8: فئة اليوم
M11: =SUM(AI38:AI39) -> 63 | P11: =SUM('1'!S12:U14) -> 2576.61 | V11: =SUM(P11/30) -> 85.887
J14: الاجازات | Y14: باقي الاجازات
P15: الراتب | S15: الراتب + مكافأة
J17: =SUM('1'!AI37+'2'!AI36+'3'!AI36+'4'!AI36+'5'!AI36+'6'!AI36+'7'!AI36+'8'!AI36+'9'!AI36+'10'!AI36+'11'!AI36+'12'!AI36) -> 0 | Y17: =SUM(30-J17) -> 30
P18: =(M11*V11)+AI40 -> 5410.881 | S18: =SUM(P18+P11) -> 7987.491
P22: سلفيات
P25: 1000
P29: الراتب | S29: الراتب + مكافأة
P32: =SUM(P18-P25) -> 4410.881 | S32: =SUM(S18-P25) -> 6987.491
AI36: =SUM(C36:AG36) -> 0 | AJ36: الأجازات
B37: Day | C37: 27 | D37: 28 | E37: 29 | F37: 30 | G37: 31 | H37: 1 | I37: 2 | J37: 3 | K37: 4 | L37: 5 | M37: 6 | N37: 7 | O37: 8 | P37: 9 | Q37: 10 | R37: 11 | S37: 12 | T37: 13 | U37: 14 | V37: 15 | W37: 16 | X37: 17 | Y37: 18 | Z37: 19 | AA37: 20 | AB37: 21 | AC37: 22 | AD37: 23 | AE37: 24 | AF37: 25 | AG37: 26
B38: Presence-Till-2 | C38: 1 | D38: 1 | E38: 1 | F38: 1 | G38: 0 | H38: 1 | I38: 1 | J38: 1 | K38: 1 | L38: 1 | M38: 1 | N38: 1 | O38: 1 | P38: 1 | Q38: 1 | R38: 1 | S38: 1 | T38: 1 | U38: 1 | V38: 1 | W38: 1 | X38: 1 | Y38: 1 | Z38: 1 | AA38: 1 | AB38: 1 | AC38: 1 | AD38: 1 | AE38: 1 | AF38: 1 | AG38: 1 | AI38: =SUM(C38:AG38) -> 30 | AJ38: الأساسي
B39: Presence-From-2:6 | C39: 3 | D39: 1 | E39: 0 | F39: 0 | G39: 0 | H39: 1 | I39: 1 | J39: 1 | K39: 1 | L39: 1 | M39: 3 | N39: 1 | O39: 1 | P39: 1 | Q39: 1 | R39: 1 | S39: 1 | T39: 3 | U39: 1 | V39: 1 | W39: 1 | X39: 1 | Y39: 1 | Z39: 1 | AA39: 3 | AB39: 0 | AC39: 0 | AD39: 0 | AE39: 1 | AF39: 1 | AG39: 1 | AI39: =SUM(C39:AG39) -> 33 | AJ39: الأضافي
AI40: =SUM(C40:AG40) -> 0 | AJ40: السهرات

Sheet 4
J2: شهر أبريل 2026
M8: أيام الحضور | P8: أساسي | V8: فئة اليوم
M11: =SUM(AI38:AI39) -> 73 | P11: =SUM('1'!S12:U14) -> 2576.61 | V11: =SUM(P11/30) -> 85.887
J14: الاجازات | Y14: باقي الاجازات
P15: الراتب | S15: الراتب + مكافأة
J17: =SUM('1'!AI37+'2'!AI36+'3'!AI36+'4'!AI36+'5'!AI36+'6'!AI36+'7'!AI36+'8'!AI36+'9'!AI36+'10'!AI36+'11'!AI36+'12'!AI36) -> 0 | Y17: =SUM(30-J17) -> 30
P18: =(M11*V11)+AI40 -> 6269.751 | S18: =SUM(P18+P11) -> 8846.361
P22: سلفيات
P25: 1000
P29: الراتب | S29: الراتب + مكافأة
P32: =SUM(P18-P25) -> 5269.751 | S32: =SUM(S18-P25) -> 7846.361
AI36: =SUM(C36:AG36) -> 0 | AJ36: الأجازات
B37: Day | C37: 27 | D37: 28 | E37: 29 | F37: 30 | G37: 31 | H37: 1 | I37: 2 | J37: 3 | K37: 4 | L37: 5 | M37: 6 | N37: 7 | O37: 8 | P37: 9 | Q37: 10 | R37: 11 | S37: 12 | T37: 13 | U37: 14 | V37: 15 | W37: 16 | X37: 17 | Y37: 18 | Z37: 19 | AA37: 20 | AB37: 21 | AC37: 22 | AD37: 23 | AE37: 24 | AF37: 25 | AG37: 26
B38: Presence-Till-2 | C38: 1 | D38: 1 | E38: 1 | F38: 1 | G38: 0 | H38: 1 | I38: 1 | J38: 1 | K38: 1 | L38: 1 | M38: 1 | N38: 1 | O38: 1 | P38: 1 | Q38: 1 | R38: 1 | S38: 1 | T38: 1 | U38: 1 | V38: 1 | W38: 1 | X38: 1 | Y38: 1 | Z38: 1 | AA38: 1 | AB38: 1 | AC38: 1 | AD38: 1 | AE38: 1 | AF38: 1 | AG38: 1 | AI38: =SUM(C38:AG38) -> 30 | AJ38: الأساسي
B39: Presence-From-2:6 | C39: 3 | D39: 1 | E39: 1 | F39: 1 | G39: 1 | H39: 1 | I39: 1 | J39: 3 | K39: 1 | L39: 1 | M39: 1 | N39: 1 | O39: 1 | P39: 1 | Q39: 3 | R39: 1 | S39: 1 | T39: 2 | U39: 1 | V39: 1 | W39: 1 | X39: 3 | Y39: 1 | Z39: 1 | AA39: 1 | AB39: 1 | AC39: 1 | AD39: 1 | AE39: 3 | AF39: 2 | AG39: 1 | AI39: =SUM(C39:AG39) -> 43 | AJ39: الأضافي
AI40: =SUM(C40:AG40) -> 0 | AJ40: السهرات

Sheet 5
J2: شهرمايو 2026
M8: أيام الحضور | P8: أساسي | V8: فئة اليوم
M11: =SUM(AI38:AI39) -> 68 | P11: =SUM('1'!S12:U14) -> 2576.61 | V11: =SUM(P11/30) -> 85.887
J14: الاجازات | Y14: باقي الاجازات
P15: الراتب | S15: الراتب + مكافأة
J17: =SUM('1'!AI37+'2'!AI36+'3'!AI36+'4'!AI36+'5'!AI36+'6'!AI36+'7'!AI36+'8'!AI36+'9'!AI36+'10'!AI36+'11'!AI36+'12'!AI36) -> 0 | Y17: =SUM(30-J17) -> 30
P18: =(M11*V11)+AI40 -> 5840.316 | S18: =SUM(P18+P11) -> 8416.926
P22: سلفيات
P25: 1000
P29: الراتب | S29: الراتب + مكافأة
P32: =SUM(P18-P25) -> 4840.316 | S32: =SUM(S18-P25) -> 7416.926
AI36: =SUM(C36:AG36) -> 0 | AJ36: الأجازات
B37: Day | C37: 27 | D37: 28 | E37: 29 | F37: 30 | G37: 31 | H37: 1 | I37: 2 | J37: 3 | K37: 4 | L37: 5 | M37: 6 | N37: 7 | O37: 8 | P37: 9 | Q37: 10 | R37: 11 | S37: 12 | T37: 13 | U37: 14 | V37: 15 | W37: 16 | X37: 17 | Y37: 18 | Z37: 19 | AA37: 20 | AB37: 21 | AC37: 22 | AD37: 23 | AE37: 24 | AF37: 25 | AG37: 26
B38: Presence-Till-2 | C38: 1 | D38: 1 | E38: 1 | F38: 1 | G38: 0 | H38: 1 | I38: 1 | J38: 1 | K38: 1 | L38: 1 | M38: 1 | N38: 1 | O38: 1 | P38: 1 | Q38: 1 | R38: 1 | S38: 1 | T38: 1 | U38: 1 | V38: 1 | W38: 1 | X38: 1 | Y38: 1 | Z38: 1 | AA38: 1 | AB38: 1 | AC38: 1 | AD38: 1 | AE38: 1 | AF38: 1 | AG38: 1 | AI38: =SUM(C38:AG38) -> 30 | AJ38: الأساسي
B39: Presence-From-2:6 | C39: 1 | D39: 1 | E39: 1 | F39: 1 | G39: 0 | H39: 3 | I39: 2 | J39: 1 | K39: 1 | L39: 1 | M39: 1 | N39: 1 | O39: 3 | P39: 1 | Q39: 1 | R39: 1 | S39: 1 | T39: 1 | U39: 1 | V39: 3 | W39: 1 | X39: 1 | Y39: 1 | Z39: 1 | AA39: 1 | AB39: 1 | AC39: 3 | AD39: 1 | AE39: 1 | AF39: 1 | AG39: 0 | AI39: =SUM(C39:AG39) -> 38 | AJ39: الأضافي
AI40: =SUM(C40:AG40) -> 0 | AJ40: السهرات

Sheet 6
J2: شهر يونيو 2026
M8: أيام الحضور | P8: أساسي | V8: فئة اليوم
M11: =SUM(AI38:AI39) -> 53 | P11: =SUM('1'!S12:U14) -> 2576.61 | V11: =SUM(P11/30) -> 85.887
J14: الاجازات | Y14: باقي الاجازات
P15: الراتب | S15: الراتب + مكافأة
J17: =SUM('1'!AI37+'2'!AI36+'3'!AI36+'4'!AI36+'5'!AI36+'6'!AI36+'7'!AI36+'8'!AI36+'9'!AI36+'10'!AI36+'11'!AI36+'12'!AI36) -> 0 | Y17: =SUM(30-J17) -> 30
P18: =(M11*V11)+AI40 -> 4552.011 | S18: =SUM(P18+P11) -> 7128.621
P22: سلفيات
P25: 1000
P29: الراتب | S29: الراتب + مكافأة
P32: =SUM(P18-P25) -> 3552.011 | S32: =SUM(S18-P25) -> 6128.621
AI36: =SUM(C36:AG36) -> 0 | AJ36: الأجازات
B37: Day | C37: 27 | D37: 28 | E37: 29 | F37: 30 | G37: 31 | H37: 1 | I37: 2 | J37: 3 | K37: 4 | L37: 5 | M37: 6 | N37: 7 | O37: 8 | P37: 9 | Q37: 10 | R37: 11 | S37: 12 | T37: 13 | U37: 14 | V37: 15 | W37: 16 | X37: 17 | Y37: 18 | Z37: 19 | AA37: 20 | AB37: 21 | AC37: 22 | AD37: 23 | AE37: 24 | AF37: 25 | AG37: 26
B38: Presence-Till-2 | C38: 1 | D38: 1 | E38: 1 | F38: 1 | G38: 0 | H38: 1 | I38: 1 | J38: 1 | K38: 1 | L38: 1 | M38: 1 | N38: 1 | O38: 1 | P38: 1 | Q38: 1 | R38: 1 | S38: 1 | T38: 1 | U38: 1 | V38: 1 | W38: 1 | X38: 1 | Y38: 1 | Z38: 1 | AA38: 1 | AB38: 1 | AC38: 1 | AD38: 1 | AE38: 1 | AF38: 1 | AG38: 1 | AI38: =SUM(C38:AG38) -> 30 | AJ38: الأساسي
B39: Presence-From-2:6 | C39: 0 | D39: 0 | E39: 0 | F39: 1 | G39: 1 | H39: 1 | I39: 1 | J39: 1 | K39: 1 | L39: 0 | M39: 1 | N39: 1 | O39: 1 | P39: 1 | Q39: 1 | R39: 1 | S39: 0 | T39: 1 | U39: 1 | V39: 1 | W39: 1 | X39: 0 | Y39: 1 | Z39: 0 | AA39: 1 | AB39: 1 | AC39: 1 | AD39: 1 | AE39: 1 | AF39: 1 | AG39: 0 | AI39: =SUM(C39:AG39) -> 23 | AJ39: الأضافي
AI40: =SUM(C40:AG40) -> 0 | AJ40: السهرات

Sheet 7
J2: شهر يوليو 2026
M8: أيام الحضور | P8: أساسي | V8: فئة اليوم
M11: =SUM(AI38:AI39) -> 52 | P11: =SUM('1'!S12:U14) -> 2576.61 | V11: =SUM(P11/30) -> 85.887
J14: الاجازات | Y14: باقي الاجازات
P15: الراتب | S15: الراتب + مكافأة
J17: =SUM('1'!AI37+'2'!AI36+'3'!AI36+'4'!AI36+'5'!AI36+'6'!AI36+'7'!AI36+'8'!AI36+'9'!AI36+'10'!AI36+'11'!AI36+'12'!AI36) -> 0 | Y17: =SUM(30-J17) -> 30
P18: =(M11*V11)+AI40 -> 4466.124 | S18: =SUM(P18+P11) -> 7042.734
P22: سلفيات
P25: 1000
P29: الراتب | S29: الراتب + مكافأة
P32: =SUM(P18-P25) -> 3466.124 | S32: =SUM(S18-P25) -> 6042.734
AI36: =SUM(C36:AG36) -> 0 | AJ36: الأجازات
B37: Day | C37: 27 | D37: 28 | E37: 29 | F37: 30 | G37: 31 | H37: 1 | I37: 2 | J37: 3 | K37: 4 | L37: 5 | M37: 6 | N37: 7 | O37: 8 | P37: 9 | Q37: 10 | R37: 11 | S37: 12 | T37: 13 | U37: 14 | V37: 15 | W37: 16 | X37: 17 | Y37: 18 | Z37: 19 | AA37: 20 | AB37: 21 | AC37: 22 | AD37: 23 | AE37: 24 | AF37: 25 | AG37: 26
B38: Presence-Till-2 | C38: 1 | D38: 1 | E38: 1 | F38: 1 | G38: 0 | H38: 1 | I38: 1 | J38: 1 | K38: 1 | L38: 1 | M38: 1 | N38: 1 | O38: 1 | P38: 1 | Q38: 1 | R38: 1 | S38: 1 | T38: 1 | U38: 1 | V38: 1 | W38: 1 | X38: 1 | Y38: 1 | Z38: 1 | AA38: 1 | AB38: 1 | AC38: 1 | AD38: 1 | AE38: 1 | AF38: 1 | AG38: 1 | AI38: =SUM(C38:AG38) -> 30 | AJ38: الأساسي
B39: Presence-From-2:6 | C39: 1 | D39: 1 | E39: 1 | F39: 1 | G39: 0 | H39: 1 | I39: 0 | J39: 0 | K39: 1 | L39: 1 | M39: 1 | N39: 1 | O39: 1 | P39: 0 | Q39: 0 | R39: 1 | S39: 1 | T39: 1 | U39: 1 | V39: 1 | W39: 0 | X39: 0 | Y39: 1 | Z39: 1 | AA39: 1 | AB39: 1 | AC39: 1 | AD39: 0 | AE39: 0 | AF39: 1 | AG39: 1 | AI39: =SUM(C39:AG39) -> 22 | AJ39: الأضافي
AI40: =SUM(C40:AG40) -> 0 | AJ40: السهرات

Sheet 8
J2: شهر أغسطس 2026
M8: أيام الحضور | P8: أساسي | V8: فئة اليوم
M11: =SUM(AI38:AI39) -> 57 | P11: =SUM('1'!S12:U14) -> 2576.61 | V11: =SUM(P11/30) -> 85.887
J14: الاجازات | Y14: باقي الاجازات
P15: الراتب | S15: الراتب + مكافأة
J17: =SUM('1'!AI37+'2'!AI36+'3'!AI36+'4'!AI36+'5'!AI36+'6'!AI36+'7'!AI36+'8'!AI36+'9'!AI36+'10'!AI36+'11'!AI36+'12'!AI36) -> 0 | Y17: =SUM(30-J17) -> 30
P18: =(M11*V11)+AI40 -> 4895.559 | S18: =SUM(P18+P11) -> 7472.169
P22: سلفيات
P25: 1000
P29: الراتب | S29: الراتب + مكافأة
P32: =SUM(P18-P25) -> 3895.559 | S32: =SUM(S18-P25) -> 6472.169
AI36: =SUM(C36:AG36) -> 0 | AJ36: الأجازات
B37: Day | C37: 27 | D37: 28 | E37: 29 | F37: 30 | G37: 31 | H37: 1 | I37: 2 | J37: 3 | K37: 4 | L37: 5 | M37: 6 | N37: 7 | O37: 8 | P37: 9 | Q37: 10 | R37: 11 | S37: 12 | T37: 13 | U37: 14 | V37: 15 | W37: 16 | X37: 17 | Y37: 18 | Z37: 19 | AA37: 20 | AB37: 21 | AC37: 22 | AD37: 23 | AE37: 24 | AF37: 25 | AG37: 26
B38: Presence-Till-2 | C38: 1 | D38: 1 | E38: 1 | F38: 1 | G38: 0 | H38: 1 | I38: 1 | J38: 1 | K38: 1 | L38: 1 | M38: 1 | N38: 1 | O38: 1 | P38: 1 | Q38: 1 | R38: 1 | S38: 1 | T38: 1 | U38: 1 | V38: 1 | W38: 1 | X38: 1 | Y38: 1 | Z38: 1 | AA38: 1 | AB38: 1 | AC38: 1 | AD38: 1 | AE38: 1 | AF38: 1 | AG38: 1 | AI38: =SUM(C38:AG38) -> 30 | AJ38: الأساسي
B39: Presence-From-2:6 | C39: 1 | D39: 1 | E39: 1 | F39: 1 | G39: 0 | H39: 1 | I39: 1 | J39: 1 | K39: 1 | L39: 1 | M39: 1 | N39: 0 | O39: 1 | P39: 1 | Q39: 1 | R39: 1 | S39: 1 | T39: 1 | U39: 0 | V39: 1 | W39: 1 | X39: 1 | Y39: 1 | Z39: 1 | AA39: 1 | AB39: 0 | AC39: 1 | AD39: 1 | AE39: 1 | AF39: 1 | AG39: 1 | AI39: =SUM(C39:AG39) -> 27 | AJ39: الأضافي
AI40: =SUM(C40:AG40) -> 0 | AJ40: السهرات

Sheet 9
J2: شهر سبتمبر 2026
M8: أيام الحضور | P8: أساسي | V8: فئة اليوم
M11: =SUM(AI38:AI39) -> 55 | P11: =SUM('1'!S12:U14) -> 2576.61 | V11: =SUM(P11/30) -> 85.887
J14: الاجازات | Y14: باقي الاجازات
P15: الراتب | S15: الراتب + مكافأة
J17: =SUM('1'!AI37+'2'!AI36+'3'!AI36+'4'!AI36+'5'!AI36+'6'!AI36+'7'!AI36+'8'!AI36+'9'!AI36+'10'!AI36+'11'!AI36+'12'!AI36) -> 0 | Y17: =SUM(30-J17) -> 30
P18: =(M11*V11)+AI40 -> 4723.785 | S18: =SUM(P18+P11) -> 7300.395
P22: سلفيات
P25: 1000
P29: الراتب | S29: الراتب + مكافأة
P32: =SUM(P18-P25) -> 3723.785 | S32: =SUM(S18-P25) -> 6300.395
AI36: =SUM(C36:AG36) -> 0 | AJ36: الأجازات
B37: Day | C37: 27 | D37: 28 | E37: 29 | F37: 30 | G37: 31 | H37: 1 | I37: 2 | J37: 3 | K37: 4 | L37: 5 | M37: 6 | N37: 7 | O37: 8 | P37: 9 | Q37: 10 | R37: 11 | S37: 12 | T37: 13 | U37: 14 | V37: 15 | W37: 16 | X37: 17 | Y37: 18 | Z37: 19 | AA37: 20 | AB37: 21 | AC37: 22 | AD37: 23 | AE37: 24 | AF37: 25 | AG37: 26
B38: Presence-Till-2 | C38: 1 | D38: 1 | E38: 1 | F38: 1 | G38: 0 | H38: 1 | I38: 1 | J38: 1 | K38: 1 | L38: 1 | M38: 1 | N38: 1 | O38: 1 | P38: 1 | Q38: 1 | R38: 1 | S38: 1 | T38: 1 | U38: 1 | V38: 1 | W38: 1 | X38: 1 | Y38: 1 | Z38: 1 | AA38: 1 | AB38: 1 | AC38: 1 | AD38: 1 | AE38: 1 | AF38: 1 | AG38: 1 | AI38: =SUM(C38:AG38) -> 30 | AJ38: الأساسي
B39: Presence-From-2:6 | C39: 0 | D39: 0 | E39: 1 | F39: 1 | G39: 1 | H39: 1 | I39: 1 | J39: 1 | K39: 0 | L39: 1 | M39: 1 | N39: 1 | O39: 1 | P39: 1 | Q39: 1 | R39: 0 | S39: 1 | T39: 1 | U39: 1 | V39: 1 | W39: 1 | X39: 1 | Y39: 0 | Z39: 1 | AA39: 1 | AB39: 1 | AC39: 1 | AD39: 1 | AE39: 1 | AF39: 0 | AG39: 1 | AI39: =SUM(C39:AG39) -> 25 | AJ39: الأضافي
AI40: =SUM(C40:AG40) -> 0 | AJ40: السهرات

Sheet 10
J2: شهر اكتوبر 2026
M8: أيام الحضور | P8: أساسي | V8: فئة اليوم
M11: =SUM(AI38:AI39) -> 55 | P11: =SUM('1'!S12:U14) -> 2576.61 | V11: =SUM(P11/30) -> 85.887
J14: الاجازات | Y14: باقي الاجازات
P15: الراتب | S15: الراتب + مكافأة
J17: =SUM('1'!AI37+'2'!AI36+'3'!AI36+'4'!AI36+'5'!AI36+'6'!AI36+'7'!AI36+'8'!AI36+'9'!AI36+'10'!AI36+'11'!AI36+'12'!AI36) -> 0 | Y17: =SUM(30-J17) -> 30
P18: =(M11*V11)+AI40 -> 4723.785 | S18: =SUM(P18+P11) -> 7300.395
P22: سلفيات
P25: 1000
P29: الراتب | S29: الراتب + مكافأة
P32: =SUM(P18-P25) -> 3723.785 | S32: =SUM(S18-P25) -> 6300.395
AI36: =SUM(C36:AG36) -> 0 | AJ36: الأجازات
B37: Day | C37: 27 | D37: 28 | E37: 29 | F37: 30 | G37: 31 | H37: 1 | I37: 2 | J37: 3 | K37: 4 | L37: 5 | M37: 6 | N37: 7 | O37: 8 | P37: 9 | Q37: 10 | R37: 11 | S37: 12 | T37: 13 | U37: 14 | V37: 15 | W37: 16 | X37: 17 | Y37: 18 | Z37: 19 | AA37: 20 | AB37: 21 | AC37: 22 | AD37: 23 | AE37: 24 | AF37: 25 | AG37: 26
B38: Presence-Till-2 | C38: 1 | D38: 1 | E38: 1 | F38: 1 | G38: 0 | H38: 1 | I38: 1 | J38: 1 | K38: 1 | L38: 1 | M38: 1 | N38: 1 | O38: 1 | P38: 1 | Q38: 1 | R38: 1 | S38: 1 | T38: 1 | U38: 1 | V38: 1 | W38: 1 | X38: 1 | Y38: 1 | Z38: 1 | AA38: 1 | AB38: 1 | AC38: 1 | AD38: 1 | AE38: 1 | AF38: 1 | AG38: 1 | AI38: =SUM(C38:AG38) -> 30 | AJ38: الأساسي
B39: Presence-From-2:6 | C39: 1 | D39: 1 | E39: 1 | F39: 1 | G39: 0 | H39: 1 | I39: 0 | J39: 1 | K39: 1 | L39: 1 | M39: 1 | N39: 1 | O39: 0 | P39: 0 | Q39: 1 | R39: 1 | S39: 1 | T39: 1 | U39: 1 | V39: 1 | W39: 0 | X39: 1 | Y39: 1 | Z39: 1 | AA39: 1 | AB39: 1 | AC39: 1 | AD39: 0 | AE39: 1 | AF39: 1 | AG39: 1 | AI39: =SUM(C39:AG39) -> 25 | AJ39: الأضافي
AI40: =SUM(C40:AG40) -> 0 | AJ40: السهرات

Sheet 11
J2: شهر نوفمبر 2026
M8: أيام الحضور | P8: أساسي | V8: فئة اليوم
M11: =SUM(AI38:AI39) -> 57 | P11: =SUM('1'!S12:U14) -> 2576.61 | V11: =SUM(P11/30) -> 85.887
J14: الاجازات | Y14: باقي الاجازات
P15: الراتب | S15: الراتب + مكافأة
J17: =SUM('1'!AI37+'2'!AI36+'3'!AI36+'4'!AI36+'5'!AI36+'6'!AI36+'7'!AI36+'8'!AI36+'9'!AI36+'10'!AI36+'11'!AI36+'12'!AI36) -> 0 | Y17: =SUM(30-J17) -> 30
P18: =(M11*V11)+AI40 -> 4895.559 | S18: =SUM(P18+P11) -> 7472.169
P22: سلفيات
P25: 1000
P29: الراتب | S29: الراتب + مكافأة
P32: =SUM(P18-P25) -> 3895.559 | S32: =SUM(S18-P25) -> 6472.169
AI36: =SUM(C36:AG36) -> 0 | AJ36: الأجازات
B37: Day | C37: 27 | D37: 28 | E37: 29 | F37: 30 | G37: 31 | H37: 1 | I37: 2 | J37: 3 | K37: 4 | L37: 5 | M37: 6 | N37: 7 | O37: 8 | P37: 9 | Q37: 10 | R37: 11 | S37: 12 | T37: 13 | U37: 14 | V37: 15 | W37: 16 | X37: 17 | Y37: 18 | Z37: 19 | AA37: 20 | AB37: 21 | AC37: 22 | AD37: 23 | AE37: 24 | AF37: 25 | AG37: 26
B38: Presence-Till-2 | C38: 1 | D38: 1 | E38: 1 | F38: 1 | G38: 0 | H38: 1 | I38: 1 | J38: 1 | K38: 1 | L38: 1 | M38: 1 | N38: 1 | O38: 1 | P38: 1 | Q38: 1 | R38: 1 | S38: 1 | T38: 1 | U38: 1 | V38: 1 | W38: 1 | X38: 1 | Y38: 1 | Z38: 1 | AA38: 1 | AB38: 1 | AC38: 1 | AD38: 1 | AE38: 1 | AF38: 1 | AG38: 1 | AI38: =SUM(C38:AG38) -> 30 | AJ38: الأساسي
B39: Presence-From-2:6 | C39: 1 | D39: 1 | E39: 1 | F39: 0 | G39: 1 | H39: 1 | I39: 1 | J39: 1 | K39: 1 | L39: 1 | M39: 0 | N39: 1 | O39: 1 | P39: 1 | Q39: 1 | R39: 1 | S39: 1 | T39: 0 | U39: 1 | V39: 1 | W39: 1 | X39: 1 | Y39: 1 | Z39: 1 | AA39: 0 | AB39: 1 | AC39: 1 | AD39: 1 | AE39: 1 | AF39: 1 | AG39: 1 | AI39: =SUM(C39:AG39) -> 27 | AJ39: الأضافي
AI40: =SUM(C40:AG40) -> 0 | AJ40: السهرات

Sheet 12
J2: شهر ديسمبر 2026
M8: أيام الحضور | P8: أساسي | V8: فئة اليوم
M11: =SUM(AI38:AI39) -> 70 | P11: =SUM('1'!S12:U14) -> 2576.61 | V11: =SUM(P11/30) -> 85.887
J14: الاجازات | Y14: باقي الاجازات
P15: الراتب | S15: الراتب + مكافأة
J17: =SUM('1'!AI37+'2'!AI36+'3'!AI36+'4'!AI36+'5'!AI36+'6'!AI36+'7'!AI36+'8'!AI36+'9'!AI36+'10'!AI36+'11'!AI36+'12'!AI36) -> 0 | Y17: =SUM(30-J17) -> 30
P18: =(M11*V11)+AI40 -> 6012.09 | S18: =SUM(P18+P11) -> 8588.7
P22: سلفيات
P25: 1000
P29: الراتب | S29: الراتب + مكافأة
P32: =SUM(P18-P25) -> 5012.09 | S32: =SUM(S18-P25) -> 7588.7
AI36: =SUM(C36:AG36) -> 0 | AJ36: الأجازات
B37: Day | C37: 27 | D37: 28 | E37: 29 | F37: 30 | G37: 31 | H37: 1 | I37: 2 | J37: 3 | K37: 4 | L37: 5 | M37: 6 | N37: 7 | O37: 8 | P37: 9 | Q37: 10 | R37: 11 | S37: 12 | T37: 13 | U37: 14 | V37: 15 | W37: 16 | X37: 17 | Y37: 18 | Z37: 19 | AA37: 20 | AB37: 21 | AC37: 22 | AD37: 23 | AE37: 24 | AF37: 25 | AG37: 26
B38: Presence-Till-2 | C38: 1 | D38: 1 | E38: 1 | F38: 1 | G38: 0 | H38: 1 | I38: 1 | J38: 1 | K38: 1 | L38: 1 | M38: 1 | N38: 1 | O38: 1 | P38: 1 | Q38: 1 | R38: 1 | S38: 1 | T38: 1 | U38: 1 | V38: 1 | W38: 1 | X38: 1 | Y38: 1 | Z38: 1 | AA38: 1 | AB38: 1 | AC38: 1 | AD38: 1 | AE38: 1 | AF38: 1 | AG38: 1 | AI38: =SUM(C38:AG38) -> 30 | AJ38: الأساسي
B39: Presence-From-2:6 | C39: 3 | D39: 1 | E39: 1 | F39: 1 | G39: 0 | H39: 1 | I39: 1 | J39: 1 | K39: 3 | L39: 1 | M39: 1 | N39: 1 | O39: 1 | P39: 1 | Q39: 1 | R39: 3 | S39: 1 | T39: 1 | U39: 1 | V39: 1 | W39: 1 | X39: 1 | Y39: 3 | Z39: 1 | AA39: 1 | AB39: 1 | AC39: 1 | AD39: 1 | AE39: 1 | AF39: 3 | AG39: 1 | AI39: =SUM(C39:AG39) -> 40 | AJ39: الأضافي
AI40: =SUM(C40:AG40) -> 0 | AJ40: السهرات
